id;first_name;last_name;email;gender;ip_address
1;Bernie;Kleinschmidt;bkleinschmidt0@weibo.com;Female;154.123.33.12
2;Duky;Annetts;dannetts1@wordpress.com;Male;170.91.233.217
3;Kylie;Lugard;klugard2@marketwatch.com;Male;65.120.199.86
4;Yard;Spadollini;yspadollini3@friendfeed.com;Male;145.10.5.42
5;Cullie;Hulstrom;chulstrom4@cam.ac.uk;Male;137.120.181.207
6;Bancroft;Ley;bley5@virginia.edu;Male;49.166.51.71
7;Ange;Abson;aabson6@live.com;Male;154.7.69.253
8;Odelinda;Hatchman;ohatchman7@mlb.com;Female;147.231.189.144
9;Pancho;Drewry;pdrewry8@hugedomains.com;Male;201.109.50.152
10;Ardisj;Clardge;aclardge9@senate.gov;Female;30.18.136.82
11;Garth;Huggin;ghuggina@pbs.org;Male;38.166.67.135
12;Vite;MacShirrie;vmacshirrieb@ox.ac.uk;Male;142.212.99.248
13;Jerad;Cleiment;jcleimentc@sciencedirect.com;Male;222.84.23.155
14;Ellary;Christin;echristind@biglobe.ne.jp;Male;83.53.27.135
15;Laverne;Thripp;lthrippe@blog.com;Female;212.219.198.26
16;Clive;Babcock;cbabcockf@cornell.edu;Male;62.183.175.143
17;Sheba;Abrami;sabramig@theglobeandmail.com;Female;41.111.158.76
18;Karola;Coxhell;kcoxhellh@infoseek.co.jp;Female;141.207.28.163
19;Erich;Trevear;etreveari@last.fm;Male;215.157.240.196
20;Ardith;McCartney;amccartneyj@de.vu;Female;184.196.158.183
21;Rossy;Bobasch;rbobaschk@domainmarket.com;Male;19.233.137.197
22;Sinclair;Mee;smeel@examiner.com;Male;196.141.180.77
23;Tiff;Cotton;tcottonm@sogou.com;Female;89.124.136.108
24;Danika;Riha;drihan@sourceforge.net;Female;28.157.64.248
25;Hamlin;Garret;hgarreto@about.me;Male;134.6.225.182
26;Aldous;Caldaro;acaldarop@yahoo.co.jp;Male;233.54.151.178
27;Barrett;Chestle;bchestleq@oaic.gov.au;Male;201.163.210.100
28;Daisey;Fardell;dfardellr@telegraph.co.uk;Female;6.220.77.224
29;Felicity;Croson;fcrosons@360.cn;Female;122.220.143.51
30;Merv;Bracknall;mbracknallt@taobao.com;Male;226.12.195.18
31;Dorian;Nund;dnundu@topsy.com;Female;58.227.195.22
32;Leroy;Petschelt;lpetscheltv@wisc.edu;Male;241.113.188.227
33;Maureen;Priddy;mpriddyw@addtoany.com;Female;235.215.146.122
34;Ninon;Rogeron;nrogeronx@nbcnews.com;Female;81.124.203.161
35;Yettie;Doggerell;ydoggerelly@delicious.com;Female;225.109.38.173
36;Raffaello;MacLure;rmaclurez@upenn.edu;Male;49.30.190.76
37;Norean;Brydie;nbrydie10@ning.com;Female;180.246.177.72
38;Killian;Houtby;khoutby11@yellowpages.com;Male;82.187.175.218
39;Sydelle;Tokell;stokell12@cdbaby.com;Female;210.219.215.73
40;Roslyn;Iskov;riskov13@ezinearticles.com;Female;200.171.34.72
41;Matthias;Reynolds;mreynolds14@ow.ly;Male;115.83.1.150
42;Laryssa;Coltherd;lcoltherd15@geocities.com;Female;246.238.188.118
43;Doyle;Gabey;dgabey16@taobao.com;Male;59.140.203.35
44;Cami;McVeigh;cmcveigh17@quantcast.com;Female;81.167.51.198
45;Egon;Barca;ebarca18@vk.com;Male;84.54.161.180
46;Amabelle;Avrahamy;aavrahamy19@reference.com;Female;168.115.131.13
47;Nonie;McClinton;nmcclinton1a@bigcartel.com;Female;169.240.11.67
48;Zulema;Caplin;zcaplin1b@webnode.com;Female;201.156.59.112
49;Alwin;Ruthven;aruthven1c@cdbaby.com;Male;111.97.143.17
50;Tressa;Weston;tweston1d@123-reg.co.uk;Female;226.229.136.66
51;Duncan;Bibb;dbibb1e@marketwatch.com;Male;75.197.134.127
52;Lanie;Greedy;lgreedy1f@shop-pro.jp;Male;193.163.16.139
53;Lissy;Hacun;lhacun1g@mit.edu;Female;16.183.151.13
54;Maisie;Brech;mbrech1h@wsj.com;Female;104.1.195.75
55;Renado;Brackley;rbrackley1i@vimeo.com;Male;230.154.20.133
56;Cacilia;Eirwin;ceirwin1j@ask.com;Female;83.135.211.36
57;Perri;Disman;pdisman1k@wiley.com;Female;245.220.29.90
58;Burgess;Viney;bviney1l@nifty.com;Male;94.67.19.214
59;Delphine;Aleksankov;daleksankov1m@webmd.com;Female;43.70.166.139
60;Shelbi;Neaves;sneaves1n@blogtalkradio.com;Female;93.166.146.72
61;Jennette;Carlo;jcarlo1o@about.com;Female;166.128.57.172
62;Hanny;Sabey;hsabey1p@mozilla.com;Female;119.199.159.44
63;Ximenez;Tichner;xtichner1q@geocities.jp;Male;89.84.197.70
64;Babara;McFaell;bmcfaell1r@pcworld.com;Female;6.73.56.251
65;Dante;Kitlee;dkitlee1s@toplist.cz;Male;243.235.253.5
66;Aylmer;Hagard;ahagard1t@wikia.com;Male;71.76.214.210
67;Crawford;Kitchingman;ckitchingman1u@ameblo.jp;Male;21.236.205.166
68;Nev;Sprull;nsprull1v@google.es;Male;159.221.123.75
69;Mateo;Vauls;mvauls1w@delicious.com;Male;76.159.133.167
70;Brittan;Thorington;bthorington1x@odnoklassniki.ru;Female;37.124.81.202
71;Maurice;Hacaud;mhacaud1y@go.com;Male;219.137.125.241
72;Reinwald;Seakin;rseakin1z@ftc.gov;Male;223.12.2.27
73;Karlen;Kinner;kkinner20@sitemeter.com;Female;104.169.91.123
74;Vaughn;Moreton;vmoreton21@wiley.com;Male;175.223.196.103
75;Normand;Anselmi;nanselmi22@wiley.com;Male;254.165.223.132
76;Beck;Espinho;bespinho23@surveymonkey.com;Male;37.237.11.56
77;Christiana;Roscamp;croscamp24@chronoengine.com;Female;211.108.148.193
78;Virgie;Pembry;vpembry25@mozilla.org;Female;2.128.92.31
79;Sigfrid;Shelliday;sshelliday26@elegantthemes.com;Male;252.51.66.197
80;Roi;Alelsandrowicz;ralelsandrowicz27@google.de;Male;96.217.249.87
81;Berk;McCrohon;bmccrohon28@ning.com;Male;191.182.109.222
82;Florri;Zeale;fzeale29@mac.com;Female;245.62.183.157
83;Marcela;Judron;mjudron2a@desdev.cn;Female;207.50.206.250
84;Bunni;Fendt;bfendt2b@surveymonkey.com;Female;53.144.82.186
85;Andrew;McQuaid;amcquaid2c@stanford.edu;Male;101.233.51.212
86;Genevra;Gowman;ggowman2d@boston.com;Female;94.114.210.202
87;Georgie;Pawle;gpawle2e@cyberchimps.com;Male;15.28.32.12
88;Hans;Fossett;hfossett2f@zdnet.com;Male;189.187.106.194
89;Cord;McIlwrath;cmcilwrath2g@cbsnews.com;Male;127.70.247.155
90;Teodorico;Rowan;trowan2h@t.co;Male;14.9.242.198
91;Silvie;Provis;sprovis2i@istockphoto.com;Female;127.45.13.168
92;Ileane;Cawthorne;icawthorne2j@myspace.com;Female;186.124.188.133
93;Ada;Saunton;asaunton2k@4shared.com;Female;206.194.241.30
94;Anselm;Danhel;adanhel2l@ow.ly;Male;141.15.242.33
95;Alisa;Gascar;agascar2m@surveymonkey.com;Female;198.169.137.159
96;Harlen;Simounet;hsimounet2n@europa.eu;Male;33.250.177.32
97;Webb;Ironmonger;wironmonger2o@tuttocitta.it;Male;242.249.146.208
98;Biddy;Larchier;blarchier2p@guardian.co.uk;Female;65.221.153.107
99;Juline;Dearth;jdearth2q@hubpages.com;Female;68.49.241.143
100;Stormie;Ainley;sainley2r@wordpress.com;Female;66.13.173.161
101;Petronella;Fever;pfever2s@ocn.ne.jp;Female;125.69.82.75
102;Antons;Marsh;amarsh2t@salon.com;Male;92.51.28.54
103;Barnabas;Vint;bvint2u@theguardian.com;Male;255.74.46.244
104;Berny;Sandry;bsandry2v@bizjournals.com;Male;182.104.183.64
105;Hillary;Licciardello;hlicciardello2w@google.com;Male;62.43.12.151
106;Rubin;Fronzek;rfronzek2x@blog.com;Male;66.131.97.178
107;Lesley;Headly;lheadly2y@usatoday.com;Female;209.188.139.104
108;Lynnea;Glasby;lglasby2z@elpais.com;Female;37.92.41.79
109;Caesar;Houseman;chouseman30@jalbum.net;Male;128.90.0.88
110;Aline;Inder;ainder31@netlog.com;Female;118.140.7.49
111;Anny;Deelay;adeelay32@weather.com;Female;246.80.138.210
112;Garvin;Harries;gharries33@parallels.com;Male;119.68.23.7
113;Batsheva;Turnock;bturnock34@trellian.com;Female;252.99.176.254
114;Britt;Kirlin;bkirlin35@alibaba.com;Female;16.165.231.225
115;Corenda;Wearne;cwearne36@mediafire.com;Female;152.227.5.124
116;Charles;O'Spillane;cospillane37@privacy.gov.au;Male;75.107.13.157
117;Ezechiel;Gyppes;egyppes38@weebly.com;Male;119.55.147.205
118;Stace;Twitty;stwitty39@cyberchimps.com;Female;66.206.74.103
119;Kurtis;Hackwell;khackwell3a@t.co;Male;143.96.83.128
120;Janela;Challiss;jchalliss3b@cam.ac.uk;Female;201.42.247.40
121;Alon;Rozenzweig;arozenzweig3c@archive.org;Male;6.130.123.82
122;Hy;Cremins;hcremins3d@digg.com;Male;229.116.162.123
123;Kimble;Heindle;kheindle3e@forbes.com;Male;10.89.49.249
124;Jackie;Gley;jgley3f@eepurl.com;Male;254.48.42.127
125;Arlen;Laffranconi;alaffranconi3g@home.pl;Male;158.7.208.210
126;Marketa;Barizeret;mbarizeret3h@arizona.edu;Female;94.133.195.150
127;Heddie;Thornley;hthornley3i@tumblr.com;Female;158.80.194.50
128;Dorian;Terram;dterram3j@mashable.com;Male;237.20.87.67
129;Maurizio;Perigeaux;mperigeaux3k@arstechnica.com;Male;109.151.42.176
130;Perl;Flatt;pflatt3l@nytimes.com;Female;229.192.4.242
131;Nestor;Cicetti;ncicetti3m@gnu.org;Male;28.142.43.113
132;Davidde;Artis;dartis3n@walmart.com;Male;56.124.74.127
133;Judon;Shee;jshee3o@sakura.ne.jp;Male;145.183.234.156
134;Almeta;Dain;adain3p@amazon.co.jp;Female;171.81.192.215
135;Zeke;O'Brogan;zobrogan3q@cafepress.com;Male;0.29.212.59
136;Normie;Haighton;nhaighton3r@wix.com;Male;203.1.209.74
137;Frederick;Macguire;fmacguire3s@china.com.cn;Male;0.112.163.111
138;Joana;Gatchell;jgatchell3t@examiner.com;Female;212.108.251.161
139;Stacee;Cruz;scruz3u@lulu.com;Male;200.79.145.77
140;Jerrie;Boughey;jboughey3v@multiply.com;Female;30.127.88.11
141;Paulie;Burnside;pburnside3w@epa.gov;Female;74.6.93.149
142;Staffard;Dankersley;sdankersley3x@yellowpages.com;Male;193.101.168.196
143;Ginnie;Streetfield;gstreetfield3y@cnet.com;Female;93.96.114.36
144;Kamillah;Beller;kbeller3z@usa.gov;Female;154.184.129.53
145;Hali;Spira;hspira40@gravatar.com;Female;147.60.33.116
146;Edithe;Manolov;emanolov41@toplist.cz;Female;85.6.105.41
147;Ozzie;Clubley;oclubley42@surveymonkey.com;Male;128.117.227.172
148;Zebulen;De Gogay;zdegogay43@fotki.com;Male;177.8.96.108
149;Eugenio;Ginnell;eginnell44@livejournal.com;Male;180.39.178.68
150;Lula;Khalid;lkhalid45@vistaprint.com;Female;52.145.200.206
151;Trev;Langabeer;tlangabeer46@ovh.net;Male;86.74.138.91
152;Earl;Crossley;ecrossley47@techcrunch.com;Male;174.150.166.53
153;Riobard;Ibbeson;ribbeson48@squarespace.com;Male;160.91.83.161
154;Freddi;Young;fyoung49@de.vu;Female;254.190.92.238
155;Kipp;Skerm;kskerm4a@macromedia.com;Male;139.129.213.156
156;Wanda;Dominiak;wdominiak4b@ucsd.edu;Female;52.183.7.94
157;Gene;Masselin;gmasselin4c@edublogs.org;Male;107.75.198.66
158;Pepita;Jacobsohn;pjacobsohn4d@zimbio.com;Female;233.56.107.78
159;Prudi;Kulicke;pkulicke4e@dailymail.co.uk;Female;39.93.4.230
160;Krista;O'Brallaghan;kobrallaghan4f@google.com.br;Female;111.220.172.117
161;Gram;Bougen;gbougen4g@usatoday.com;Male;6.108.9.204
162;Tammy;Alderwick;talderwick4h@unblog.fr;Male;18.174.178.213
163;Ham;Borrell;hborrell4i@usa.gov;Male;251.93.118.151
164;Jacques;Caville;jcaville4j@geocities.jp;Male;249.119.177.0
165;Mel;Franks;mfranks4k@walmart.com;Female;218.31.198.18
166;Fallon;Zoppie;fzoppie4l@youku.com;Female;71.234.93.210
167;Lefty;Leopold;lleopold4m@aol.com;Male;230.107.190.230
168;Chariot;McIan;cmcian4n@freewebs.com;Male;43.145.206.65
169;Filmore;Voss;fvoss4o@wikispaces.com;Male;252.54.78.12
170;Sydel;Winsome;swinsome4p@ftc.gov;Female;125.214.39.166
171;Jean;Kornyakov;jkornyakov4q@purevolume.com;Male;5.220.61.135
172;Dori;Tommei;dtommei4r@microsoft.com;Female;17.64.37.75
173;Lucy;ducarme;lducarme4s@bizjournals.com;Female;75.40.207.139
174;Ginelle;Spleving;gspleving4t@rediff.com;Female;46.222.51.217
175;Mariel;Newcomb;mnewcomb4u@odnoklassniki.ru;Female;248.135.238.169
176;Ilysa;Sharkey;isharkey4v@tumblr.com;Female;10.220.176.220
177;Launce;Plessing;lplessing4w@upenn.edu;Male;117.225.168.82
178;Hillie;Basilio;hbasilio4x@earthlink.net;Male;146.192.80.180
179;Tamara;Grindley;tgrindley4y@free.fr;Female;79.95.32.44
180;Cassandre;Gullefant;cgullefant4z@bloglines.com;Female;166.17.4.4
181;Elliott;Fairey;efairey50@webs.com;Male;244.182.155.11
182;Shurlocke;Rate;srate51@github.com;Male;239.194.148.45
183;Isa;Winser;iwinser52@soup.io;Female;224.75.203.146
184;Brand;Chstney;bchstney53@phpbb.com;Male;48.162.116.170
185;Meryl;Pepineaux;mpepineaux54@g.co;Female;13.100.101.181
186;Traver;Brimner;tbrimner55@paginegialle.it;Male;216.4.4.124
187;Cad;Goodspeed;cgoodspeed56@jimdo.com;Male;171.193.48.250
188;Etti;Guislin;eguislin57@washingtonpost.com;Female;153.96.4.241
189;Ulrika;Thaw;uthaw58@mail.ru;Female;66.38.199.182
190;Roselin;Seckom;rseckom59@nifty.com;Female;173.34.139.205
191;Cullen;Gabb;cgabb5a@eepurl.com;Male;35.23.216.50
192;Luz;Wyllcock;lwyllcock5b@chron.com;Female;94.139.182.201
193;Alleyn;Bond;abond5c@netscape.com;Male;189.54.170.208
194;Lucinda;Dober;ldober5d@altervista.org;Female;251.22.192.186
195;Goldi;Jouning;gjouning5e@who.int;Female;17.144.13.35
196;Xever;Giovannazzi;xgiovannazzi5f@bbc.co.uk;Male;120.189.128.163
197;Allene;Sprulls;asprulls5g@discovery.com;Female;252.159.120.194
198;Jodee;Azemar;jazemar5h@wsj.com;Female;134.90.30.99
199;Smitty;Sander;ssander5i@hubpages.com;Male;49.21.142.139
200;Kimberly;Strase;kstrase5j@paginegialle.it;Female;95.111.237.99
201;Cullen;Luby;cluby5k@smh.com.au;Male;102.210.48.61
202;Evaleen;Brockie;ebrockie5l@netvibes.com;Female;8.130.209.88
203;Deane;Lamburne;dlamburne5m@ed.gov;Female;119.6.118.225
204;Jasper;Bosanko;jbosanko5n@spiegel.de;Male;254.122.37.94
205;Artemis;Wholesworth;awholesworth5o@bloomberg.com;Male;66.223.197.151
206;Bancroft;Mergue;bmergue5p@tripod.com;Male;103.251.46.21
207;Simeon;Clemmensen;sclemmensen5q@taobao.com;Male;219.60.40.144
208;Deena;Ormesher;dormesher5r@wired.com;Female;211.4.222.20
209;Aluin;Gavahan;agavahan5s@pen.io;Male;242.41.0.239
210;Chalmers;Bearn;cbearn5t@yahoo.com;Male;187.1.116.163
211;Faith;Mumm;fmumm5u@topsy.com;Female;162.195.56.40
212;Shannon;Haldin;shaldin5v@google.com;Female;253.60.37.110
213;Pollyanna;Tynewell;ptynewell5w@51.la;Female;129.52.178.199
214;Susan;Fluit;sfluit5x@cmu.edu;Female;29.37.171.125
215;Winifred;Gerbel;wgerbel5y@g.co;Female;211.122.72.242
216;Robert;Kaszper;rkaszper5z@eventbrite.com;Male;200.66.145.118
217;Mikkel;Ablitt;mablitt60@auda.org.au;Male;246.162.159.64
218;Barrie;Odda;bodda61@purevolume.com;Female;176.149.50.219
219;Gussi;Brotherwood;gbrotherwood62@free.fr;Female;221.6.150.112
220;Anett;Bugby;abugby63@economist.com;Female;126.75.252.148
221;Pippo;Besque;pbesque64@home.pl;Male;245.131.222.232
222;Peirce;Pilfold;ppilfold65@freewebs.com;Male;247.83.48.42
223;Roxanne;Drinkhall;rdrinkhall66@theguardian.com;Female;165.9.149.220
224;Kristoffer;Bigg;kbigg67@nba.com;Male;16.42.154.185
225;Niki;Carnduff;ncarnduff68@friendfeed.com;Female;45.10.16.126
226;Robers;Leyes;rleyes69@networkadvertising.org;Male;145.181.144.184
227;Rodrick;Gibbett;rgibbett6a@google.com;Male;82.174.202.98
228;Dredi;Shoebridge;dshoebridge6b@cyberchimps.com;Female;124.172.79.154
229;Marni;Sheather;msheather6c@nps.gov;Female;39.97.77.168
230;Fleur;Heasley;fheasley6d@bloglines.com;Female;51.32.23.227
231;Porter;Arp;parp6e@tumblr.com;Male;41.124.85.78
232;Ashby;Anyon;aanyon6f@cocolog-nifty.com;Male;61.102.228.92
233;Averell;Rooney;arooney6g@exblog.jp;Male;106.213.205.47
234;Delmor;Maevela;dmaevela6h@home.pl;Male;25.131.161.42
235;Had;Argyle;hargyle6i@bigcartel.com;Male;22.134.248.179
236;Oralle;Baert;obaert6j@dedecms.com;Female;196.177.150.33
237;Rubina;MacMenemy;rmacmenemy6k@unesco.org;Female;10.63.177.178
238;Wilton;Ashborne;washborne6l@japanpost.jp;Male;178.170.65.7
239;Drusie;Procter;dprocter6m@sbwire.com;Female;66.182.236.72
240;Adara;Hibbart;ahibbart6n@sohu.com;Female;103.56.62.5
241;Eugenius;Peers;epeers6o@google.es;Male;43.68.8.113
242;Randy;Jerrand;rjerrand6p@jalbum.net;Female;111.110.51.89
243;Jonathan;Trounson;jtrounson6q@goo.gl;Male;136.74.151.90
244;Madelyn;Wooldridge;mwooldridge6r@spiegel.de;Female;197.143.64.81
245;Marijn;Gietz;mgietz6s@theatlantic.com;Male;246.210.164.81
246;Gibby;Dobbie;gdobbie6t@virginia.edu;Male;132.227.227.242
247;Rufus;Barts;rbarts6u@dot.gov;Male;242.227.177.131
248;Bernard;Hardinge;bhardinge6v@nbcnews.com;Male;129.90.233.117
249;Lacee;Thurlow;lthurlow6w@youtube.com;Female;86.112.190.248
250;Cos;Forte;cforte6x@cyberchimps.com;Male;23.227.243.51
251;Rockey;Schuchmacher;rschuchmacher6y@seattletimes.com;Male;145.103.170.243
252;Thibaut;Digginson;tdigginson6z@yelp.com;Male;248.103.64.173
253;Kean;Connor;kconnor70@cisco.com;Male;87.233.226.99
254;Fleming;Greenless;fgreenless71@g.co;Male;101.129.33.161
255;Nico;Deeth;ndeeth72@sogou.com;Male;107.37.77.234
256;Dallas;Halleday;dhalleday73@smh.com.au;Female;222.64.82.246
257;Geri;Heavens;gheavens74@vkontakte.ru;Female;7.169.144.53
258;Rowena;Bosman;rbosman75@prweb.com;Female;57.18.54.223
259;Tarra;Kroon;tkroon76@smh.com.au;Female;195.77.139.156
260;Saundra;Schubuser;sschubuser77@npr.org;Female;196.180.191.241
261;Eldredge;Ledwitch;eledwitch78@reuters.com;Male;225.171.148.176
262;Kelby;Cottel;kcottel79@arizona.edu;Male;100.100.103.211
263;Rosalynd;Kitchener;rkitchener7a@pinterest.com;Female;158.91.28.71
264;Ford;Klimes;fklimes7b@wikia.com;Male;47.193.123.56
265;Penrod;McCaffrey;pmccaffrey7c@cnn.com;Male;57.39.123.40
266;Hayden;Luchetti;hluchetti7d@prnewswire.com;Male;68.23.33.229
267;Clarence;Trownson;ctrownson7e@va.gov;Male;78.220.158.72
268;Ricard;Emanson;remanson7f@skyrock.com;Male;130.188.212.124
269;Dana;Askey;daskey7g@netlog.com;Female;75.166.186.16
270;Farris;Lukock;flukock7h@blinklist.com;Male;131.139.87.132
271;Solomon;Sertin;ssertin7i@china.com.cn;Male;143.218.131.56
272;Christian;Jorgensen;cjorgensen7j@icq.com;Male;214.242.104.88
273;Heath;Rowley;hrowley7k@meetup.com;Female;160.115.114.90
274;Donna;Worsnop;dworsnop7l@tmall.com;Female;98.15.211.8
275;Pinchas;Kesey;pkesey7m@chicagotribune.com;Male;45.156.12.93
276;Gawain;Aherne;gaherne7n@mediafire.com;Male;94.247.7.42
277;Marshal;Jillis;mjillis7o@wordpress.com;Male;13.127.58.36
278;Dorise;Witherdon;dwitherdon7p@sakura.ne.jp;Female;184.229.111.137
279;Nathanael;Aynold;naynold7q@illinois.edu;Male;92.30.190.248
280;Verene;Readmire;vreadmire7r@virginia.edu;Female;76.195.241.83
281;Trixi;Khristoforov;tkhristoforov7s@timesonline.co.uk;Female;222.246.213.225
282;Tatiana;Corneck;tcorneck7t@a8.net;Female;102.254.241.13
283;Oralie;Brownsword;obrownsword7u@yolasite.com;Female;137.132.164.111
284;Sherlocke;Strewthers;sstrewthers7v@booking.com;Male;215.193.99.101
285;Oliver;Aireton;oaireton7w@cmu.edu;Male;97.204.224.99
286;Tam;Rosenblum;trosenblum7x@upenn.edu;Male;131.175.71.182
287;Dorise;Ramsby;dramsby7y@hexun.com;Female;97.122.178.163
288;Carley;Halbard;chalbard7z@nymag.com;Female;165.86.77.76
289;Nelson;Drain;ndrain80@storify.com;Male;122.103.139.60
290;Hollis;Mathes;hmathes81@de.vu;Male;224.116.120.167
291;Davidde;Peacock;dpeacock82@clickbank.net;Male;184.52.205.6
292;Robb;Woolsey;rwoolsey83@xinhuanet.com;Male;207.164.137.239
293;Sancho;Gumly;sgumly84@paginegialle.it;Male;219.16.13.224
294;Tremayne;Youson;tyouson85@webmd.com;Male;71.11.54.8
295;Merna;Collerd;mcollerd86@youtu.be;Female;84.5.153.53
296;Debora;Lewsley;dlewsley87@stanford.edu;Female;228.241.43.184
297;Robin;Bennough;rbennough88@naver.com;Male;166.122.131.180
298;Charley;Margeram;cmargeram89@ca.gov;Male;123.64.162.139
299;Myriam;Tavener;mtavener8a@ox.ac.uk;Female;234.65.201.237
300;Torr;Flacknoe;tflacknoe8b@eepurl.com;Male;187.224.248.106
301;Mathe;Worsley;mworsley8c@answers.com;Male;220.172.96.224
302;Janet;Boothby;jboothby8d@yale.edu;Female;228.20.198.248
303;Sissy;Pardoe;spardoe8e@marriott.com;Female;30.151.136.167
304;Flory;Josh;fjosh8f@drupal.org;Female;190.26.83.81
305;Nicolette;Courtliff;ncourtliff8g@psu.edu;Female;203.58.31.56
306;Donn;Otter;dotter8h@technorati.com;Male;161.114.8.9
307;Dillon;Adamou;dadamou8i@simplemachines.org;Male;56.61.51.36
308;Amberly;Boone;aboone8j@devhub.com;Female;69.134.119.169
309;Yurik;Caddan;ycaddan8k@paypal.com;Male;123.20.142.54
310;Jed;Prestidge;jprestidge8l@desdev.cn;Male;145.184.81.194
311;Fleming;MacCaffrey;fmaccaffrey8m@mapquest.com;Male;156.187.234.203
312;Brittni;Dacks;bdacks8n@telegraph.co.uk;Female;235.67.91.232
313;Cate;Presnail;cpresnail8o@ebay.co.uk;Female;246.42.201.61
314;Darnall;Hunnaball;dhunnaball8p@wordpress.org;Male;44.72.32.110
315;Jeniece;Mariault;jmariault8q@delicious.com;Female;95.62.201.255
316;Mallory;Durnall;mdurnall8r@spotify.com;Male;154.78.147.236
317;Frans;Livezey;flivezey8s@tripod.com;Male;88.115.207.62
318;Sasha;Triggol;striggol8t@aboutads.info;Male;237.250.37.78
319;Adorne;Scuffham;ascuffham8u@cbc.ca;Female;249.80.69.12
320;Rebecca;Ingliby;ringliby8v@samsung.com;Female;100.65.52.254
321;Desmund;Ickov;dickov8w@apache.org;Male;159.140.210.74
322;Charla;Barrar;cbarrar8x@pagesperso-orange.fr;Female;14.77.48.59
323;Madalena;Broadis;mbroadis8y@who.int;Female;131.184.36.140
324;Lise;Radcliffe;lradcliffe8z@tripadvisor.com;Female;117.7.5.27
325;Bridget;Niblo;bniblo90@oaic.gov.au;Female;144.228.48.45
326;Ulrikaumeko;Peachman;upeachman91@live.com;Female;227.110.48.17
327;Helen;Curro;hcurro92@imageshack.us;Female;168.233.7.178
328;Glenda;O'Crevan;gocrevan93@jigsy.com;Female;213.150.223.76
329;Herta;Bromilow;hbromilow94@state.gov;Female;166.4.163.187
330;Shannon;Brooking;sbrooking95@acquirethisname.com;Male;142.178.80.190
331;Gilberta;Shipman;gshipman96@elpais.com;Female;197.10.17.254
332;Mallory;Amerighi;mamerighi97@cisco.com;Female;246.207.100.187
333;Siobhan;Collocott;scollocott98@comcast.net;Female;203.243.177.83
334;Teodora;Thunderchief;tthunderchief99@tripod.com;Female;214.239.155.112
335;Danit;Sellek;dsellek9a@unicef.org;Female;148.233.188.176
336;Tanner;Proffitt;tproffitt9b@rambler.ru;Male;181.157.82.45
337;Janeen;Elliott;jelliott9c@nymag.com;Female;202.118.178.227
338;Nicola;Edbrooke;nedbrooke9d@google.co.jp;Male;106.1.118.232
339;Finley;Bladge;fbladge9e@jugem.jp;Male;23.27.65.54
340;Cheslie;Sleep;csleep9f@hibu.com;Female;28.8.160.128
341;Sissy;Gravet;sgravet9g@msu.edu;Female;84.179.244.132
342;Allen;Denzey;adenzey9h@globo.com;Male;22.58.27.48
343;Hillyer;Snipe;hsnipe9i@blog.com;Male;227.243.43.35
344;Jacobo;Douche;jdouche9j@networkadvertising.org;Male;162.141.21.24
345;Gizela;Kretchmer;gkretchmer9k@soundcloud.com;Female;244.19.161.42
346;Chrissie;Clouston;cclouston9l@google.com.br;Male;252.48.189.100
347;Cristine;Howell;chowell9m@indiegogo.com;Female;27.206.148.182
348;Lenci;Lenaghen;llenaghen9n@networksolutions.com;Male;78.58.58.115
349;Linnell;Plan;lplan9o@amazon.de;Female;4.121.132.136
350;Any;Braxton;abraxton9p@hud.gov;Male;120.50.174.173
351;Hanan;Wharin;hwharin9q@irs.gov;Male;80.233.61.126
352;Haven;Fookes;hfookes9r@dagondesign.com;Male;33.63.34.188
353;Corissa;Bartolozzi;cbartolozzi9s@bbb.org;Female;102.251.207.131
354;Luci;Tuckwell;ltuckwell9t@wordpress.org;Female;179.218.222.227
355;Siouxie;Pulteneye;spulteneye9u@stanford.edu;Female;25.180.148.156
356;Amalita;Jahns;ajahns9v@studiopress.com;Female;35.215.195.179
357;Julissa;Kolin;jkolin9w@delicious.com;Female;34.6.255.122
358;Farley;Fauguel;ffauguel9x@toplist.cz;Male;241.164.138.249
359;Belia;Minchinton;bminchinton9y@imageshack.us;Female;0.170.187.103
360;Zacharie;Sprigings;zsprigings9z@naver.com;Male;10.74.163.165
361;Lorita;Goodlake;lgoodlakea0@ovh.net;Female;255.87.53.51
362;Josiah;Guilayn;jguilayna1@home.pl;Male;41.227.189.31
363;Yvon;Kirmond;ykirmonda2@nytimes.com;Male;205.12.203.224
364;Gaultiero;Ingry;gingrya3@digg.com;Male;88.61.206.174
365;Lemar;Harborow;lharborowa4@goodreads.com;Male;143.226.85.149
366;Lonni;Sergent;lsergenta5@forbes.com;Female;56.43.129.95
367;Solly;Budgey;sbudgeya6@slate.com;Male;18.115.148.175
368;Casi;Jenoure;cjenourea7@statcounter.com;Female;26.136.153.219
369;Kennett;O'Dulchonta;kodulchontaa8@ucoz.ru;Male;129.123.165.32
370;Carney;Varley;cvarleya9@php.net;Male;143.171.77.56
371;Bird;Pinnell;bpinnellaa@github.io;Female;101.31.172.226
372;Lilly;Fawlks;lfawlksab@rambler.ru;Female;70.102.103.68
373;Isabel;Teodori;iteodoriac@bing.com;Female;97.102.236.14
374;Stephannie;Rowena;srowenaad@amazon.de;Female;134.74.109.138
375;Desi;Bletsor;dbletsorae@feedburner.com;Male;172.58.88.163
376;Arlan;Loveday;alovedayaf@google.pl;Male;96.3.172.87
377;Kelwin;Hache;khacheag@independent.co.uk;Male;91.175.142.86
378;Mathilda;Groom;mgroomah@icq.com;Female;107.196.158.64
379;Yankee;Bann;ybannai@sphinn.com;Male;64.222.104.3
380;Adolphus;Yackiminie;ayackiminieaj@google.de;Male;81.167.66.85
381;Faulkner;Wilkowski;fwilkowskiak@digg.com;Male;107.20.95.116
382;Hazel;Muncey;hmunceyal@abc.net.au;Male;208.135.180.110
383;Lila;Nielson;lnielsonam@hatena.ne.jp;Female;128.20.151.89
384;Park;Hanaford;phanafordan@army.mil;Male;214.248.68.177
385;Hercules;Spillane;hspillaneao@de.vu;Male;36.108.215.51
386;Lonnie;Vuittet;lvuittetap@usgs.gov;Female;132.164.82.125
387;Cissy;Siegertsz;csiegertszaq@jalbum.net;Female;132.86.141.204
388;Melamie;Bilfoot;mbilfootar@opensource.org;Female;198.59.174.158
389;Lemar;Saenz;lsaenzas@pagesperso-orange.fr;Male;220.220.125.94
390;Sheelah;Sallowaye;ssallowayeat@va.gov;Female;57.108.21.27
391;Antonie;Lismore;alismoreau@opensource.org;Female;134.223.7.81
392;Haleigh;MacCarrick;hmaccarrickav@shutterfly.com;Male;167.108.255.237
393;Cristobal;Bossons;cbossonsaw@craigslist.org;Male;130.172.167.120
394;Judd;Markovich;jmarkovichax@businesswire.com;Male;130.35.190.228
395;Borg;Cramb;bcrambay@ca.gov;Male;237.222.18.22
396;Doria;De Witt;ddewittaz@arstechnica.com;Female;242.252.9.235
397;Tanny;Woodburne;twoodburneb0@ca.gov;Male;125.223.62.162
398;Elisabet;Shilstone;eshilstoneb1@mit.edu;Female;194.223.58.13
399;Penelopa;Nozzolii;pnozzoliib2@bbb.org;Female;252.151.175.167
400;Consuelo;Richardson;crichardsonb3@patch.com;Female;104.98.120.176
401;Carlos;Birdis;cbirdisb4@altervista.org;Male;105.18.245.35
402;Kerrie;Shrive;kshriveb5@1688.com;Female;147.45.89.106
403;Kakalina;Grelik;kgrelikb6@tripod.com;Female;192.25.79.204
404;Fin;Betun;fbetunb7@berkeley.edu;Male;240.6.58.105
405;Odell;Bearcroft;obearcroftb8@angelfire.com;Male;250.85.249.25
406;Noble;Mellem;nmellemb9@google.pl;Male;254.82.200.173
407;Andeee;Duckett;aduckettba@toplist.cz;Female;220.159.15.8
408;Dori;Kowalik;dkowalikbb@webnode.com;Female;82.195.216.128
409;Arabel;Pierucci;apieruccibc@clickbank.net;Female;173.184.75.203
410;Susanne;Chestnutt;schestnuttbd@chronoengine.com;Female;25.176.238.54
411;Carolee;Elvy;celvybe@blinklist.com;Female;62.70.208.220
412;Chase;McIlvaney;cmcilvaneybf@bandcamp.com;Male;83.247.179.57
413;Ewen;Servante;eservantebg@printfriendly.com;Male;123.103.252.180
414;Mathe;Dempster;mdempsterbh@wikia.com;Male;183.118.233.133
415;Koralle;Birtles;kbirtlesbi@prlog.org;Female;254.40.222.181
416;Herb;Abyss;habyssbj@google.com.au;Male;38.47.152.182
417;Galvin;Skilton;gskiltonbk@instagram.com;Male;172.227.69.208
418;Elise;Montier;emontierbl@yolasite.com;Female;234.237.171.123
419;Twila;Haggar;thaggarbm@quantcast.com;Female;41.214.210.39
420;Brittni;Dench;bdenchbn@sciencedaily.com;Female;0.91.250.123
421;Hewie;Redmell;hredmellbo@nifty.com;Male;23.41.152.28
422;Cassy;Spottswood;cspottswoodbp@a8.net;Female;111.186.190.221
423;Ynes;Rollo;yrollobq@weather.com;Female;241.56.173.182
424;Blondell;Laskey;blaskeybr@theglobeandmail.com;Female;13.169.43.37
425;Didi;Mechem;dmechembs@moonfruit.com;Female;252.193.69.58
426;Rozina;Devereu;rdevereubt@diigo.com;Female;66.181.240.1
427;Hagen;Fraine;hfrainebu@wikia.com;Male;194.253.167.136
428;Carver;Harley;charleybv@t-online.de;Male;58.204.80.177
429;Cecil;Markey;cmarkeybw@trellian.com;Female;140.247.123.98
430;Nicola;Reynish;nreynishbx@xinhuanet.com;Female;172.192.203.19
431;Tomaso;Levi;tleviby@webs.com;Male;163.8.2.213
432;Cleve;Howe;chowebz@nba.com;Male;103.254.136.103
433;Malina;Elstob;melstobc0@redcross.org;Female;158.71.152.166
434;Georas;Lindsay;glindsayc1@princeton.edu;Male;123.55.47.156
435;Ilsa;Tregidgo;itregidgoc2@answers.com;Female;175.65.99.171
436;Idette;Ride;iridec3@alexa.com;Female;110.246.63.101
437;Darin;Ebbitt;debbittc4@phoca.cz;Male;225.171.5.164
438;Cassandre;Enrich;cenrichc5@tripod.com;Female;126.200.102.224
439;Curr;Spurway;cspurwayc6@netlog.com;Male;184.182.147.56
440;Merissa;Rapp;mrappc7@pagesperso-orange.fr;Female;24.55.177.168
441;Thebault;Treske;ttreskec8@mail.ru;Male;98.126.47.65
442;Ham;Hyder;hhyderc9@slashdot.org;Male;139.217.32.36
443;Alyosha;Nathan;anathanca@theguardian.com;Male;73.91.230.45
444;Correy;McCleod;cmccleodcb@fda.gov;Male;111.64.151.14
445;Dorisa;Gorriessen;dgorriessencc@state.gov;Female;8.58.7.248
446;Noah;Caldeyroux;ncaldeyrouxcd@friendfeed.com;Male;153.226.79.153
447;Elihu;Cato;ecatoce@columbia.edu;Male;100.14.185.146
448;Timothea;Tattershall;ttattershallcf@altervista.org;Female;34.59.166.59
449;Garfield;Batie;gbatiecg@over-blog.com;Male;53.89.244.144
450;Alonzo;MacEnelly;amacenellych@wikispaces.com;Male;73.149.165.42
451;Anne;McKomb;amckombci@nationalgeographic.com;Female;245.128.162.190
452;Renata;Reims;rreimscj@unesco.org;Female;109.1.183.238
453;Geneva;Roots;grootsck@ft.com;Female;11.210.243.75
454;Erwin;Offord;eoffordcl@craigslist.org;Male;178.33.132.139
455;Rad;Gaskal;rgaskalcm@livejournal.com;Male;244.208.16.189
456;Tailor;Tomlett;ttomlettcn@netscape.com;Male;248.26.148.69
457;Wain;Boseley;wboseleyco@sakura.ne.jp;Male;53.249.131.251
458;Bea;Ledster;bledstercp@printfriendly.com;Female;76.114.25.238
459;Shelia;Sedwick;ssedwickcq@mediafire.com;Female;38.224.57.230
460;Marleen;Moodycliffe;mmoodycliffecr@squidoo.com;Female;246.221.27.117
461;Cassi;Chamney;cchamneycs@spotify.com;Female;121.30.70.69
462;Armand;Harfoot;aharfootct@a8.net;Male;100.138.33.30
463;Jessa;Sawford;jsawfordcu@uiuc.edu;Female;2.248.132.108
464;Feodora;Scawen;fscawencv@rambler.ru;Female;189.1.21.169
465;Gaelan;Fibben;gfibbencw@miitbeian.gov.cn;Male;226.142.93.242
466;Nolly;Jedrych;njedrychcx@businessweek.com;Male;134.13.4.175
467;Rozella;Wadhams;rwadhamscy@feedburner.com;Female;169.114.221.51
468;Ofilia;Wingar;owingarcz@chicagotribune.com;Female;136.74.29.205
469;Dmitri;Merigon;dmerigond0@slashdot.org;Male;87.44.3.148
470;Blaine;Verrick;bverrickd1@ucsd.edu;Male;211.69.140.254
471;Shelley;Gaspard;sgaspardd2@github.io;Female;184.194.94.161
472;Paul;Butner;pbutnerd3@merriam-webster.com;Male;71.40.86.248
473;Bonnie;Grishenkov;bgrishenkovd4@woothemes.com;Female;231.119.125.209
474;Putnam;Ripon;pripond5@discuz.net;Male;125.27.130.1
475;Jayson;Hiscoe;jhiscoed6@barnesandnoble.com;Male;81.151.130.105
476;Parsifal;Kincey;pkinceyd7@deliciousdays.com;Male;151.16.64.76
477;Lanie;Crepin;lcrepind8@washington.edu;Male;157.105.144.136
478;Thomas;Bamborough;tbamboroughd9@fc2.com;Male;29.138.175.84
479;Koralle;Kibbe;kkibbeda@mediafire.com;Female;246.222.79.94
480;Eugen;Climar;eclimardb@joomla.org;Male;253.166.72.97
481;Allister;Cawthorne;acawthornedc@hc360.com;Male;65.33.173.178
482;Micheil;Goncaves;mgoncavesdd@mashable.com;Male;140.188.239.201
483;Reagen;Smorthit;rsmorthitde@slate.com;Male;209.16.190.125
484;Vivien;Buchan;vbuchandf@webs.com;Female;144.223.27.44
485;Huey;Isaacson;hisaacsondg@rediff.com;Male;118.186.159.157
486;Marvin;Tuny;mtunydh@adobe.com;Male;43.87.185.77
487;Jojo;McIlvenny;jmcilvennydi@meetup.com;Female;114.151.156.92
488;Kimmy;Airton;kairtondj@wp.com;Female;123.29.229.0
489;Edgar;Dopson;edopsondk@state.gov;Male;83.138.73.0
490;Hillary;Ivashov;hivashovdl@ebay.co.uk;Male;38.74.32.67
491;Cornela;Iveson;civesondm@oakley.com;Female;141.45.133.6
492;Stanley;Allday;salldaydn@4shared.com;Male;159.245.134.18
493;Brit;Garfield;bgarfielddo@geocities.jp;Male;9.112.169.54
494;Rianon;Gildea;rgildeadp@techcrunch.com;Female;62.60.56.168
495;Chen;Ravilious;craviliousdq@miibeian.gov.cn;Male;229.17.218.208
496;Ferdie;Burnsall;fburnsalldr@amazon.de;Male;115.44.17.161
497;Linn;O'Flaverty;loflavertyds@bigcartel.com;Male;181.197.224.110
498;Gavin;Peppin;gpeppindt@go.com;Male;21.97.81.124
499;Goober;Finan;gfinandu@rediff.com;Male;245.4.222.200
500;Orland;Guiu;oguiudv@oracle.com;Male;38.58.9.20
501;Kaylyn;Petroselli;kpetrosellidw@qq.com;Female;144.182.240.233
502;Ximenez;Kemson;xkemsondx@t.co;Male;216.12.111.224
503;Lilas;Licari;llicaridy@eventbrite.com;Female;1.115.15.58
504;Claude;Craigmile;ccraigmiledz@cnn.com;Female;243.209.93.101
505;Prince;Fraczek;pfraczeke0@comcast.net;Male;50.137.188.182
506;Tarrance;Hayhow;thayhowe1@mediafire.com;Male;26.191.181.81
507;Floris;McInulty;fmcinultye2@salon.com;Female;26.149.97.232
508;Janie;Mangeot;jmangeote3@webeden.co.uk;Female;155.161.163.16
509;Jeanine;Spinke;jspinkee4@prweb.com;Female;43.203.33.23
510;Tommie;Wadwell;twadwelle5@mapquest.com;Male;144.86.63.231
511;Gamaliel;Thorndale;gthorndalee6@tmall.com;Male;25.85.87.6
512;Theodosia;Commuzzo;tcommuzzoe7@squidoo.com;Female;74.13.130.38
513;Blondelle;Maskelyne;bmaskelynee8@slate.com;Female;109.113.106.174
514;Emilia;Chimenti;echimentie9@etsy.com;Female;22.90.238.6
515;Genovera;O'Skehan;goskehanea@icio.us;Female;136.175.68.235
516;Arley;Renehan;arenehaneb@comcast.net;Male;34.111.237.235
517;Renato;Godball;rgodballec@yahoo.co.jp;Male;117.158.76.166
518;Parsifal;Gadie;pgadieed@senate.gov;Male;129.117.154.93
519;Burnard;Geindre;bgeindreee@cmu.edu;Male;204.200.72.131
520;Zachery;Steketee;zsteketeeef@washingtonpost.com;Male;163.179.83.54
521;Gloriane;Haine;ghaineeg@topsy.com;Female;224.240.255.13
522;Melisenda;Hamly;mhamlyeh@bandcamp.com;Female;99.0.39.20
523;Vicki;Macura;vmacuraei@devhub.com;Female;58.212.145.66
524;Adina;Mariette;amarietteej@shutterfly.com;Female;26.112.101.94
525;Sallee;Mews;smewsek@addtoany.com;Female;19.231.139.142
526;Almira;Waltho;awalthoel@furl.net;Female;135.151.193.89
527;Garvey;Wrench;gwrenchem@foxnews.com;Male;140.251.237.192
528;Costanza;Curds;ccurdsen@gnu.org;Female;178.116.214.228
529;Nelle;Inmett;ninmetteo@cbslocal.com;Female;211.110.53.45
530;Janos;O'Lagen;jolagenep@irs.gov;Male;203.228.215.251
531;Kerk;Waliszewski;kwaliszewskieq@arstechnica.com;Male;169.99.107.48
532;Gayelord;Dufaur;gdufaurer@technorati.com;Male;93.0.71.225
533;Monro;Menzies;mmenzieses@latimes.com;Male;52.174.5.75
534;Wilt;Dmitrievski;wdmitrievskiet@devhub.com;Male;163.249.253.255
535;Shermy;Helsdon;shelsdoneu@about.com;Male;39.41.161.188
536;Den;Brafferton;dbraffertonev@tripod.com;Male;165.29.231.126
537;Frederick;Athridge;fathridgeew@narod.ru;Male;122.225.147.121
538;Bradford;Risdale;brisdaleex@sphinn.com;Male;132.165.121.18
539;Andonis;Pummery;apummeryey@typepad.com;Male;33.15.77.145
540;Alaine;Bathoe;abathoeez@bloglines.com;Female;118.6.100.147
541;Miner;Tisun;mtisunf0@tripod.com;Male;117.199.234.73
542;Esmaria;Culver;eculverf1@squidoo.com;Female;47.46.17.117
543;Patrice;Rule;prulef2@123-reg.co.uk;Male;207.176.92.165
544;Gale;Hambridge;ghambridgef3@sciencedaily.com;Female;45.29.161.93
545;Hagen;Iwanowski;hiwanowskif4@webs.com;Male;116.217.25.182
546;Maxie;Coniam;mconiamf5@people.com.cn;Male;16.191.115.208
547;Edsel;Kinsell;ekinsellf6@dailymotion.com;Male;250.142.193.182
548;Fee;Trustie;ftrustief7@taobao.com;Male;169.137.123.185
549;Fanni;Fawlo;ffawlof8@independent.co.uk;Female;150.185.236.82
550;Mylo;Macrow;mmacrowf9@g.co;Male;206.214.101.103
551;Analise;Kingdom;akingdomfa@statcounter.com;Female;31.59.228.217
552;Eward;Tellett;etellettfb@bloglovin.com;Male;238.9.136.155
553;Rustin;Carreyette;rcarreyettefc@illinois.edu;Male;222.32.78.107
554;Clarabelle;Dorie;cdoriefd@webs.com;Female;202.231.245.54
555;Loy;Piggen;lpiggenfe@exblog.jp;Male;146.28.191.211
556;Orel;Popple;opoppleff@behance.net;Female;131.199.150.168
557;Philip;Philipot;pphilipotfg@wunderground.com;Male;180.161.24.183
558;Shannan;Chastelain;schastelainfh@cocolog-nifty.com;Male;195.81.121.205
559;Vinson;MacCartney;vmaccartneyfi@tuttocitta.it;Male;171.92.19.104
560;Brad;Inmett;binmettfj@businesswire.com;Male;218.244.45.232
561;Maxine;Scrimshaw;mscrimshawfk@printfriendly.com;Female;251.222.140.144
562;Ashton;Andreuzzi;aandreuzzifl@symantec.com;Male;125.190.95.231
563;Jacky;Carous;jcarousfm@redcross.org;Male;63.18.241.110
564;Roddie;Argrave;rargravefn@deliciousdays.com;Male;43.155.188.60
565;Dotti;Chettle;dchettlefo@bbb.org;Female;195.137.208.28
566;Klara;Lusher;klusherfp@qq.com;Female;252.130.34.189
567;Tedman;Ballefant;tballefantfq@jigsy.com;Male;135.6.60.105
568;Kenn;Seymour;kseymourfr@adobe.com;Male;87.169.76.59
569;Roze;Jandl;rjandlfs@nature.com;Female;101.205.217.236
570;Pauletta;Cohane;pcohaneft@hud.gov;Female;160.57.137.127
571;Jarret;Callinan;jcallinanfu@upenn.edu;Male;140.41.192.3
572;Shaun;Scannell;sscannellfv@blog.com;Female;36.51.165.42
573;Gusty;Orsi;gorsifw@com.com;Female;139.202.66.89
574;Ansel;Tuohy;atuohyfx@bing.com;Male;133.112.88.120
575;Oriana;Filson;ofilsonfy@amazon.co.uk;Female;164.19.83.107
576;Cookie;Burstow;cburstowfz@altervista.org;Female;136.143.237.35
577;Horatius;Renney;hrenneyg0@dailymail.co.uk;Male;227.90.70.143
578;Konrad;Swinden;kswindeng1@studiopress.com;Male;3.28.81.168
579;Joellen;Ivanikhin;jivanikhing2@marketwatch.com;Female;228.234.247.42
580;Zoe;Chillingworth;zchillingworthg3@lulu.com;Female;3.215.18.254
581;Flss;Larkby;flarkbyg4@sogou.com;Female;216.158.200.23
582;Dorry;Prime;dprimeg5@icio.us;Female;230.68.120.163
583;Damiano;Warrington;dwarringtong6@nih.gov;Male;158.74.200.31
584;Enoch;Mattiussi;emattiussig7@chron.com;Male;231.233.59.136
585;Dav;Triplet;dtripletg8@nature.com;Male;116.99.34.180
586;Ezekiel;Swindells;eswindellsg9@wikia.com;Male;68.239.61.14
587;Trisha;McComas;tmccomasga@mapquest.com;Female;94.23.169.201
588;Nathanil;Crop;ncropgb@spiegel.de;Male;68.160.251.211
589;Margareta;List;mlistgc@arizona.edu;Female;41.0.251.251
590;Vernor;Stuffins;vstuffinsgd@t-online.de;Male;135.84.125.168
591;Chet;McClosh;cmccloshge@nps.gov;Male;132.160.2.167
592;Tanny;Hammersley;thammersleygf@t.co;Male;84.115.238.218
593;Larry;Vittet;lvittetgg@sourceforge.net;Male;245.222.153.227
594;Angel;Haldin;ahaldingh@tinyurl.com;Male;218.99.192.85
595;Tobias;Tulleth;ttullethgi@ibm.com;Male;71.84.237.81
596;Ardyth;Puve;apuvegj@fda.gov;Female;85.197.134.113
597;Callean;Boerderman;cboerdermangk@sina.com.cn;Male;34.141.235.109
598;Mellisa;Stickels;mstickelsgl@moonfruit.com;Female;80.240.14.142
599;Sargent;Symper;ssympergm@craigslist.org;Male;198.225.236.144
600;Feliks;Faier;ffaiergn@photobucket.com;Male;239.54.219.93
601;Cary;Ladewig;cladewiggo@blogtalkradio.com;Female;110.115.141.14
602;Leeland;Lidgley;llidgleygp@berkeley.edu;Male;213.33.250.60
603;Nial;Bussons;nbussonsgq@squidoo.com;Male;218.75.148.109
604;Derk;Alderson;daldersongr@comsenz.com;Male;200.18.214.15
605;Kordula;Wickmann;kwickmanngs@squidoo.com;Female;120.157.182.156
606;Ursola;Blenkharn;ublenkharngt@oakley.com;Female;44.182.89.57
607;Hill;Gaskarth;hgaskarthgu@soundcloud.com;Male;55.250.219.233
608;Bruis;Crocumbe;bcrocumbegv@dedecms.com;Male;133.128.243.62
609;Adlai;Ohlsen;aohlsengw@timesonline.co.uk;Male;72.127.153.221
610;Earle;Eliasen;eeliasengx@toplist.cz;Male;238.253.252.150
611;Coleen;Hadye;chadyegy@stanford.edu;Female;202.87.22.174
612;Salem;Abrashkin;sabrashkingz@pagesperso-orange.fr;Male;63.31.8.127
613;Bill;Karpushkin;bkarpushkinh0@utexas.edu;Female;50.60.159.219
614;Mart;Robertsson;mrobertssonh1@biglobe.ne.jp;Male;228.37.136.185
615;Liza;Bougen;lbougenh2@ovh.net;Female;65.216.143.244
616;Danny;Menham;dmenhamh3@hexun.com;Female;74.35.19.220
617;Ellsworth;Parlott;eparlotth4@alexa.com;Male;187.192.126.181
618;Galen;Cramphorn;gcramphornh5@ibm.com;Male;209.67.159.190
619;Dannel;Thackston;dthackstonh6@reuters.com;Male;129.18.101.139
620;Wilbur;Attwool;wattwoolh7@soundcloud.com;Male;233.101.129.140
621;Bobbye;Crawford;bcrawfordh8@guardian.co.uk;Female;60.196.174.64
622;Tadeo;Boarleyson;tboarleysonh9@unc.edu;Male;209.246.151.0
623;Letty;Van Waadenburg;lvanwaadenburgha@mediafire.com;Female;45.221.3.148
624;Jaclin;Emmott;jemmotthb@army.mil;Female;55.130.152.132
625;Sonny;Hammerich;shammerichhc@psu.edu;Female;245.117.114.165
626;Moreen;Hilldrup;mhilldruphd@sphinn.com;Female;47.229.43.132
627;Betteanne;Olcot;bolcothe@naver.com;Female;95.234.57.96
628;Lothario;Heppenspall;lheppenspallhf@bigcartel.com;Male;141.137.198.213
629;Seymour;Hubatsch;shubatschhg@samsung.com;Male;31.242.22.133
630;Syd;Reignould;sreignouldhh@quantcast.com;Male;59.25.85.38
631;Rhys;Badby;rbadbyhi@newsvine.com;Male;166.230.59.162
632;Lewiss;O'Grady;logradyhj@miibeian.gov.cn;Male;131.61.198.255
633;Moises;Howood;mhowoodhk@typepad.com;Male;38.20.244.173
634;Barby;Leslie;blesliehl@tinyurl.com;Female;125.67.107.155
635;Cointon;Emmott;cemmotthm@ftc.gov;Male;225.199.124.33
636;Candice;Dreghorn;cdreghornhn@cnbc.com;Female;71.141.150.11
637;Jessamine;Treace;jtreaceho@jugem.jp;Female;119.103.46.222
638;Aldis;Arsnell;aarsnellhp@flickr.com;Male;23.220.7.157
639;Adams;Breslauer;abreslauerhq@vimeo.com;Male;205.155.163.9
640;Spenser;Izkovici;sizkovicihr@nba.com;Male;171.242.209.248
641;Zeb;Flahive;zflahivehs@jugem.jp;Male;75.198.137.254
642;Laughton;Mander;lmanderht@addtoany.com;Male;167.34.236.137
643;Allis;McPartling;amcpartlinghu@1688.com;Female;121.203.210.108
644;Pennie;Gailor;pgailorhv@etsy.com;Female;44.17.20.6
645;Ramonda;Garrould;rgarrouldhw@mapquest.com;Female;112.224.4.175
646;Hyacinth;De Courtney;hdecourtneyhx@freewebs.com;Female;42.159.214.224
647;Jeanna;Southwell;jsouthwellhy@vk.com;Female;140.50.30.19
648;Mignon;Stagge;mstaggehz@usnews.com;Female;106.55.204.213
649;Kattie;Mathelon;kmatheloni0@1und1.de;Female;74.87.104.47
650;Vernor;Begbie;vbegbiei1@livejournal.com;Male;58.232.173.78
651;Helene;Stoade;hstoadei2@miibeian.gov.cn;Female;123.15.29.182
652;Opalina;Staniland;ostanilandi3@census.gov;Female;255.92.90.193
653;Dian;Moylan;dmoylani4@canalblog.com;Female;233.41.178.94
654;Regina;Waddams;rwaddamsi5@comsenz.com;Female;222.206.61.80
655;Babara;Martyn;bmartyni6@cam.ac.uk;Female;64.140.34.5
656;Janifer;Bierman;jbiermani7@tmall.com;Female;114.248.37.119
657;Nicola;Laingmaid;nlaingmaidi8@netvibes.com;Female;46.211.162.14
658;Barnie;Longfellow;blongfellowi9@youku.com;Male;225.53.217.125
659;Elita;Podmore;epodmoreia@vkontakte.ru;Female;132.75.134.175
660;Alasteir;Dunmore;adunmoreib@friendfeed.com;Male;151.172.79.37
661;Hobard;Crehan;hcrehanic@nasa.gov;Male;105.43.31.178
662;Cointon;Croston;ccrostonid@plala.or.jp;Male;166.80.47.181
663;Lisetta;Kulicke;lkulickeie@dailymail.co.uk;Female;82.88.205.90
664;Maybelle;Eaglen;meaglenif@fema.gov;Female;173.162.139.123
665;Fernando;Huthart;fhuthartig@apache.org;Male;57.80.180.68
666;Ansell;Twohig;atwohigih@twitter.com;Male;165.128.89.255
667;Brittne;Mendenhall;bmendenhallii@virginia.edu;Female;17.52.191.55
668;Minnaminnie;Avrasin;mavrasinij@state.gov;Female;14.90.42.238
669;Thorn;Pranger;tprangerik@wordpress.org;Male;240.0.128.218
670;Brandise;Cordy;bcordyil@hc360.com;Female;166.104.165.231
671;Adair;O'Kennedy;aokennedyim@prweb.com;Male;194.225.206.170
672;Deck;Byrom;dbyromin@ebay.co.uk;Male;125.178.170.166
673;Darcy;Huckle;dhuckleio@mayoclinic.com;Male;140.165.197.84
674;Livvy;Habben;lhabbenip@mozilla.org;Female;223.6.120.185
675;Gerome;Hellen;ghelleniq@hc360.com;Male;89.158.30.252
676;Bobbye;Archdeckne;barchdeckneir@salon.com;Female;202.108.59.105
677;Zahara;Jovasevic;zjovasevicis@reddit.com;Female;115.237.54.246
678;Domenic;Gascone;dgasconeit@hibu.com;Male;144.80.173.204
679;Sadella;O'Riordan;soriordaniu@goodreads.com;Female;103.162.112.224
680;Janetta;Petherick;jpetherickiv@fema.gov;Female;251.80.154.215
681;Maisey;Dikles;mdiklesiw@toplist.cz;Female;197.246.248.69
682;Tymothy;Freschini;tfreschiniix@timesonline.co.uk;Male;167.150.205.58
683;Enrica;Elsey;eelseyiy@shop-pro.jp;Female;104.131.41.175
684;Emanuel;Whittock;ewhittockiz@mashable.com;Male;62.67.109.122
685;Kipp;McQuaide;kmcquaidej0@rediff.com;Female;177.91.146.204
686;Lynnet;Baroch;lbarochj1@cornell.edu;Female;73.32.61.130
687;Vere;Grendon;vgrendonj2@diigo.com;Female;103.70.103.72
688;Cass;Ladbrook;cladbrookj3@youtu.be;Female;40.161.102.166
689;Dolf;Huard;dhuardj4@yelp.com;Male;3.142.124.203
690;George;Curzey;gcurzeyj5@google.com.hk;Female;82.124.126.180
691;Consalve;Keaveney;ckeaveneyj6@dyndns.org;Male;149.183.178.22
692;Irvin;Fearney;ifearneyj7@ocn.ne.jp;Male;250.135.137.32
693;Sheryl;Casaro;scasaroj8@blogtalkradio.com;Female;161.105.25.87
694;Gwendolen;Bumpus;gbumpusj9@jalbum.net;Female;7.19.117.1
695;Skye;Tunnadine;stunnadineja@economist.com;Male;128.250.109.207
696;Melinde;Brundrett;mbrundrettjb@blog.com;Female;89.41.21.126
697;Lemuel;Mayhead;lmayheadjc@deliciousdays.com;Male;127.149.196.25
698;Letitia;Arrundale;larrundalejd@surveymonkey.com;Female;31.116.173.153
699;Ben;Hedau;bhedauje@timesonline.co.uk;Male;148.185.108.148
700;Carilyn;Jones;cjonesjf@bluehost.com;Female;68.57.160.137
701;Revkah;Docwra;rdocwrajg@domainmarket.com;Female;116.80.57.174
702;Juliann;Silson;jsilsonjh@weibo.com;Female;193.217.172.180
703;Earlie;Offener;eoffenerji@github.com;Male;155.243.65.226
704;Albrecht;Kilbey;akilbeyjj@youtu.be;Male;158.2.95.108
705;Benetta;Jowling;bjowlingjk@canalblog.com;Female;13.99.113.124
706;Nichols;Ambrogio;nambrogiojl@upenn.edu;Male;35.237.41.152
707;Lucinda;Phillput;lphillputjm@mit.edu;Female;227.123.16.225
708;Bobinette;Menci;bmencijn@yale.edu;Female;174.192.104.140
709;Kerk;Raitt;kraittjo@ibm.com;Male;89.92.53.162
710;Ashleigh;Crenage;acrenagejp@i2i.jp;Female;21.243.189.208
711;Bronson;McLenahan;bmclenahanjq@adobe.com;Male;154.186.124.14
712;Rafaellle;Cready;rcreadyjr@vistaprint.com;Male;136.207.169.154
713;Athena;Amerighi;aamerighijs@auda.org.au;Female;78.152.200.171
714;Cate;Titcumb;ctitcumbjt@smugmug.com;Female;71.150.209.159
715;Berk;Siddall;bsiddallju@arizona.edu;Male;242.62.59.53
716;Dani;Alessandrini;dalessandrinijv@twitter.com;Male;125.39.36.24
717;Guendolen;Arlt;garltjw@cisco.com;Female;177.129.147.213
718;Dunn;Thoresbie;dthoresbiejx@globo.com;Male;40.240.198.207
719;Shanie;Lock;slockjy@amazon.de;Female;2.76.113.38
720;Conroy;Dabs;cdabsjz@stumbleupon.com;Male;120.241.205.211
721;Belia;Coughlan;bcoughlank0@about.me;Female;99.152.167.183
722;Issie;Bruhn;ibruhnk1@mapquest.com;Female;81.173.133.213
723;Lauryn;Orringe;lorringek2@epa.gov;Female;63.25.67.235
724;Jervis;Bargh;jbarghk3@goo.ne.jp;Male;63.28.224.10
725;Zonda;Mcall;zmcallk4@youtube.com;Female;16.126.9.97
726;Gert;McGibbon;gmcgibbonk5@amazonaws.com;Female;27.177.125.211
727;Guthry;Gibbin;ggibbink6@homestead.com;Male;18.135.81.170
728;Ruthann;Kiezler;rkiezlerk7@microsoft.com;Female;168.7.15.75
729;Van;Thon;vthonk8@prlog.org;Female;167.217.209.165
730;Jeremie;Batchelder;jbatchelderk9@auda.org.au;Male;98.64.188.156
731;Gail;Tchaikovsky;gtchaikovskyka@vimeo.com;Male;190.233.148.57
732;Solomon;Carvil;scarvilkb@geocities.com;Male;29.168.10.114
733;Tandi;Bathowe;tbathowekc@twitter.com;Female;64.247.74.203
734;Hewet;Vischi;hvischikd@phpbb.com;Male;150.31.114.187
735;Matty;Costi;mcostike@about.com;Female;50.229.171.99
736;Jessalin;Burd;jburdkf@utexas.edu;Female;166.230.155.179
737;Avrit;Kempton;akemptonkg@ca.gov;Female;234.9.84.171
738;Davita;Wellwood;dwellwoodkh@trellian.com;Female;27.238.104.145
739;Glendon;Shinn;gshinnki@eventbrite.com;Male;80.115.148.195
740;Mitzi;Gofton;mgoftonkj@jiathis.com;Female;73.88.156.37
741;Yettie;Lockyer;ylockyerkk@edublogs.org;Female;30.212.37.126
742;Chery;Roland;crolandkl@fc2.com;Female;112.108.79.239
743;Barri;Banaszewski;bbanaszewskikm@usatoday.com;Male;236.100.125.240
744;Viola;Pervew;vpervewkn@github.com;Female;102.130.184.116
745;Nevin;Bernaldez;nbernaldezko@dailymotion.com;Male;128.200.73.73
746;Shelia;Stollberger;sstollbergerkp@amazon.com;Female;226.151.68.13
747;Doralynn;Arnell;darnellkq@phpbb.com;Female;68.53.37.96
748;Filide;Konertz;fkonertzkr@shinystat.com;Female;161.41.206.239
749;Cris;Ridulfo;cridulfoks@qq.com;Male;142.58.239.92
750;Mair;Renhard;mrenhardkt@ft.com;Female;227.22.39.178
751;Michaelina;Ormes;mormesku@un.org;Female;125.116.94.255
752;Prince;Cockshtt;pcockshttkv@house.gov;Male;9.57.130.38
753;Rosaline;Markham;rmarkhamkw@dmoz.org;Female;108.242.209.165
754;Bernie;Sofe;bsofekx@gizmodo.com;Female;21.16.149.82
755;Kalvin;Bettenson;kbettensonky@intel.com;Male;164.215.108.116
756;Hermione;Woodwing;hwoodwingkz@cocolog-nifty.com;Female;154.102.122.132
757;Fremont;Goude;fgoudel0@cpanel.net;Male;165.101.243.99
758;Salem;Bahde;sbahdel1@friendfeed.com;Male;190.231.66.41
759;Elbertina;Pridmore;epridmorel2@adobe.com;Female;39.72.239.126
760;Dorella;Tunnacliffe;dtunnacliffel3@scientificamerican.com;Female;88.7.26.156
761;Marietta;Glowach;mglowachl4@blog.com;Female;12.10.178.204
762;Garrott;Danelet;gdaneletl5@w3.org;Male;81.202.51.189
763;Ariel;Alderwick;aalderwickl6@huffingtonpost.com;Female;194.196.81.159
764;Jo-ann;Dickons;jdickonsl7@blogspot.com;Female;52.61.85.97
765;Bria;Pilipyak;bpilipyakl8@ycombinator.com;Female;203.235.216.136
766;Nan;Burkhill;nburkhilll9@i2i.jp;Female;41.38.47.187
767;Dermot;Splevin;dsplevinla@netlog.com;Male;180.190.70.131
768;Westbrook;Scrymgeour;wscrymgeourlb@hubpages.com;Male;140.239.205.17
769;Calhoun;Abbatt;cabbattlc@mysql.com;Male;49.12.105.229
770;Marten;Doale;mdoaleld@techcrunch.com;Male;216.199.1.167
771;Lazaro;Ferrai;lferraile@uol.com.br;Male;126.244.18.15
772;Page;Radleigh;pradleighlf@ox.ac.uk;Male;125.116.158.97
773;Cindie;Bertholin;cbertholinlg@google.ru;Female;51.12.198.141
774;Annabela;Cranston;acranstonlh@toplist.cz;Female;194.42.245.29
775;Merla;Garbutt;mgarbuttli@blogger.com;Female;207.88.154.200
776;Farrel;Tyght;ftyghtlj@dailymail.co.uk;Male;251.13.246.156
777;Deb;Mellanby;dmellanbylk@google.it;Female;82.97.58.152
778;Sean;Skough;sskoughll@hao123.com;Female;10.210.28.192
779;Raul;Beeson;rbeesonlm@4shared.com;Male;116.228.239.102
780;Nevil;Picard;npicardln@seesaa.net;Male;165.157.114.5
781;Fielding;Van Geffen;fvangeffenlo@salon.com;Male;222.159.202.243
782;Tadeo;Bazire;tbazirelp@house.gov;Male;2.115.24.2
783;Lauryn;Shulver;lshulverlq@wikispaces.com;Female;119.157.111.248
784;Casie;Zecchetti;czecchettilr@ehow.com;Female;227.22.109.37
785;Ephrayim;Reignard;ereignardls@opensource.org;Male;49.162.183.137
786;Janek;Spier;jspierlt@zimbio.com;Male;60.60.168.169
787;Cordelia;Jull;cjulllu@nih.gov;Female;220.14.156.15
788;Randall;Blazeby;rblazebylv@loc.gov;Male;238.200.222.230
789;Mattias;Elsom;melsomlw@dion.ne.jp;Male;153.73.7.252
790;Myrlene;Aronstam;maronstamlx@opera.com;Female;55.232.103.127
791;Theda;Billborough;tbillboroughly@prweb.com;Female;250.42.70.103
792;Elisha;Schoffler;eschofflerlz@google.ca;Male;90.159.54.160
793;Gladys;Hernik;ghernikm0@admin.ch;Female;128.244.143.133
794;Washington;Beadle;wbeadlem1@wunderground.com;Male;230.98.220.96
795;Fran;De Cruce;fdecrucem2@4shared.com;Male;136.21.34.253
796;Guilbert;Thickett;gthickettm3@sphinn.com;Male;70.253.24.179
797;Elsi;Roussell;eroussellm4@washington.edu;Female;117.135.160.62
798;Huntley;Runnalls;hrunnallsm5@dedecms.com;Male;57.185.24.244
799;Merci;MacGiolla;mmacgiollam6@sfgate.com;Female;236.75.87.242
800;Karlotta;Hardy;khardym7@com.com;Female;129.130.236.96
801;Jecho;Booij;jbooijm8@surveymonkey.com;Male;165.254.248.54
802;Lorri;Najera;lnajeram9@squarespace.com;Female;136.138.50.175
803;Les;Weedenburg;lweedenburgma@1und1.de;Male;75.187.238.147
804;Barclay;Drewe;bdrewemb@barnesandnoble.com;Male;66.168.179.13
805;Chicky;Leake;cleakemc@opera.com;Female;131.126.186.55
806;Madge;Jaine;mjainemd@eepurl.com;Female;40.219.55.137
807;Catharine;Dowzell;cdowzellme@w3.org;Female;181.83.176.83
808;Dru;Davidovitz;ddavidovitzmf@abc.net.au;Male;210.67.165.208
809;Kittie;Gilgryst;kgilgrystmg@sohu.com;Female;210.159.152.105
810;Langsdon;Starbucke;lstarbuckemh@hexun.com;Male;135.90.0.15
811;Lianna;Ambroziak;lambroziakmi@wikipedia.org;Female;145.31.42.86
812;Ody;Burtonshaw;oburtonshawmj@stanford.edu;Male;59.96.217.32
813;Steffen;Kinch;skinchmk@umn.edu;Male;231.228.120.160
814;Berenice;Butterfield;bbutterfieldml@cpanel.net;Female;220.219.145.214
815;Giffard;Stegel;gstegelmm@nsw.gov.au;Male;222.187.137.225
816;Eddie;Aspel;easpelmn@sourceforge.net;Male;240.161.227.67
817;Cornell;Rainger;craingermo@cisco.com;Male;91.39.100.43
818;Jeri;Durtnall;jdurtnallmp@constantcontact.com;Female;175.148.101.54
819;Magda;Hinsch;mhinschmq@weebly.com;Female;105.34.56.212
820;Garry;Audas;gaudasmr@sina.com.cn;Male;102.106.196.209
821;Valentino;Dabnor;vdabnorms@tuttocitta.it;Male;72.140.15.237
822;Rosalynd;Marfell;rmarfellmt@nyu.edu;Female;8.54.172.54
823;Anderea;Beekmann;abeekmannmu@pagesperso-orange.fr;Female;122.129.9.221
824;Urbanus;Browncey;ubrownceymv@taobao.com;Male;50.207.98.225
825;Joanie;Milner;jmilnermw@freewebs.com;Female;109.104.36.205
826;Iago;Blackett;iblackettmx@rediff.com;Male;246.119.2.224
827;Maddalena;Baroux;mbarouxmy@seattletimes.com;Female;35.238.151.22
828;Culley;Trenholm;ctrenholmmz@unc.edu;Male;95.205.150.142
829;Morlee;Bursnoll;mbursnolln0@theatlantic.com;Male;246.72.95.224
830;Derby;Peret;dperetn1@qq.com;Male;202.170.1.243
831;Thea;Langlois;tlangloisn2@diigo.com;Female;46.74.61.234
832;Nickie;Shevlan;nshevlann3@blogger.com;Female;75.24.133.219
833;Annamaria;Blunkett;ablunkettn4@behance.net;Female;94.112.12.152
834;Russ;Winterburn;rwinterburnn5@jigsy.com;Male;41.84.121.15
835;Dilly;Priest;dpriestn6@altervista.org;Male;35.252.90.89
836;Riannon;Balam;rbalamn7@patch.com;Female;64.84.183.117
837;Ichabod;Rosterne;irosternen8@theatlantic.com;Male;114.255.235.38
838;Colene;Thow;cthown9@dedecms.com;Female;115.136.136.4
839;Elissa;Huglin;ehuglinna@paginegialle.it;Female;45.215.21.14
840;Sonnie;Baudry;sbaudrynb@twitter.com;Female;152.174.59.174
841;Oralia;Wyche;owychenc@gov.uk;Female;12.224.235.160
842;Ravid;Seson;rsesonnd@feedburner.com;Male;59.234.105.75
843;Briant;Lyfe;blyfene@indiegogo.com;Male;120.64.239.155
844;Fons;Sorton;fsortonnf@jiathis.com;Male;203.163.72.216
845;Dane;Gromley;dgromleyng@domainmarket.com;Male;31.76.92.72
846;Padgett;Duffet;pduffetnh@wufoo.com;Male;58.93.103.225
847;Ursula;Koppen;ukoppenni@ucoz.ru;Female;203.35.90.202
848;Marcelline;Corah;mcorahnj@infoseek.co.jp;Female;126.115.176.24
849;Viv;Kasper;vkaspernk@noaa.gov;Female;160.138.242.223
850;Graham;Wilber;gwilbernl@joomla.org;Male;87.137.97.176
851;Lorraine;Carvell;lcarvellnm@prlog.org;Female;212.102.161.232
852;Vannie;Hansell;vhansellnn@ebay.co.uk;Female;201.158.225.233
853;Ward;Dresser;wdresserno@nydailynews.com;Male;164.67.235.86
854;Ashlee;Pavel;apavelnp@scientificamerican.com;Female;134.174.250.70
855;Slade;Hayer;shayernq@soundcloud.com;Male;35.230.63.105
856;Horst;Peinke;hpeinkenr@businessinsider.com;Male;121.37.228.115
857;Kimball;Worsall;kworsallns@jimdo.com;Male;4.194.225.177
858;Tobiah;Groger;tgrogernt@theguardian.com;Male;222.0.138.97
859;Keene;Pudden;kpuddennu@dedecms.com;Male;65.188.205.164
860;Maury;Enterle;menterlenv@weibo.com;Male;52.77.21.187
861;Hallie;Newiss;hnewissnw@indiatimes.com;Female;184.179.141.146
862;Oby;Fasham;ofashamnx@hexun.com;Male;180.100.119.239
863;Olivier;Dreakin;odreakinny@godaddy.com;Male;21.203.21.247
864;Pieter;Fewtrell;pfewtrellnz@icq.com;Male;212.0.82.138
865;Marlow;Hradsky;mhradskyo0@skyrock.com;Male;83.25.141.23
866;Brande;Eakeley;beakeleyo1@craigslist.org;Female;235.241.242.47
867;Tamma;Amsden;tamsdeno2@weebly.com;Female;149.42.30.55
868;Cecilio;Marmyon;cmarmyono3@irs.gov;Male;22.145.202.247
869;Chiquia;Lidell;clidello4@delicious.com;Female;223.19.155.42
870;Killie;Eggins;kegginso5@hud.gov;Male;0.32.240.7
871;Curran;Maddyson;cmaddysono6@ed.gov;Male;44.119.127.21
872;Orrin;Kirsche;okirscheo7@squarespace.com;Male;109.203.102.122
873;Thaddeus;Spiers;tspierso8@addthis.com;Male;188.203.117.192
874;Gayle;Monckman;gmonckmano9@jalbum.net;Male;38.232.92.116
875;Niel;Planks;nplanksoa@go.com;Male;5.160.168.128
876;Janaye;Papps;jpappsob@nature.com;Female;239.118.88.239
877;Lawton;Klambt;lklambtoc@yahoo.com;Male;86.93.18.181
878;Rivkah;Reichelt;rreicheltod@admin.ch;Female;81.85.146.133
879;Malachi;Cristofolo;mcristofolooe@woothemes.com;Male;201.220.51.95
880;Flint;Hamlet;fhamletof@friendfeed.com;Male;190.11.11.211
881;Judd;Vivian;jvivianog@spiegel.de;Male;166.65.137.140
882;Kitty;Thurber;kthurberoh@google.com;Female;241.0.108.64
883;Belle;Lorentz;blorentzoi@admin.ch;Female;69.142.68.158
884;Augustin;Waistall;awaistalloj@yelp.com;Male;140.92.199.141
885;Katinka;Sissland;ksisslandok@netlog.com;Female;198.179.33.197
886;Jacky;Crome;jcromeol@theglobeandmail.com;Female;187.29.207.206
887;Joly;Greenham;jgreenhamom@wordpress.org;Female;209.120.240.197
888;Odey;Danilishin;odanilishinon@4shared.com;Male;166.63.18.186
889;Toddy;Mansion;tmansionoo@a8.net;Male;33.223.100.169
890;Elisha;Howick;ehowickop@godaddy.com;Male;156.176.53.175
891;Dennie;Lankford;dlankfordoq@barnesandnoble.com;Male;144.77.85.139
892;Jeniffer;Yeeles;jyeelesor@npr.org;Female;193.130.9.243
893;Kathe;Warlowe;kwarloweos@cdc.gov;Female;210.177.13.120
894;Donn;Arsnell;darsnellot@163.com;Male;235.133.114.46
895;Zuzana;Whitehorne;zwhitehorneou@telegraph.co.uk;Female;117.161.186.74
896;Leonard;Ryott;lryottov@princeton.edu;Male;26.116.181.227
897;Ibbie;Cottier;icottierow@netvibes.com;Female;103.37.42.72
898;Myrah;Thow;mthowox@cafepress.com;Female;185.230.79.192
899;Bren;Fearnyough;bfearnyoughoy@mozilla.org;Male;46.13.169.117
900;Dulcy;Drews;ddrewsoz@about.me;Female;235.64.119.251
901;Vittorio;Honeyghan;vhoneyghanp0@quantcast.com;Male;177.55.242.186
902;Anitra;Ashlee;aashleep1@npr.org;Female;32.116.37.44
903;Maribeth;Dunphie;mdunphiep2@illinois.edu;Female;250.155.142.76
904;Ingelbert;Chaves;ichavesp3@oaic.gov.au;Male;50.118.92.4
905;Rhea;Erdes;rerdesp4@cloudflare.com;Female;216.108.17.18
906;Elva;McBrady;emcbradyp5@wikimedia.org;Female;100.220.53.112
907;Basilius;Shitliff;bshitliffp6@meetup.com;Male;231.82.64.135
908;Jaquelyn;Clac;jclacp7@google.fr;Female;223.241.133.17
909;Darb;Castleton;dcastletonp8@sakura.ne.jp;Male;245.214.205.118
910;Orelia;Topaz;otopazp9@cnet.com;Female;109.223.244.135
911;Winnah;Taphouse;wtaphousepa@tinyurl.com;Female;133.140.7.19
912;Mikkel;Itskovitz;mitskovitzpb@indiatimes.com;Male;100.65.165.57
913;Jermaine;Pavic;jpavicpc@unc.edu;Male;85.11.197.242
914;Karla;Gueny;kguenypd@samsung.com;Female;26.92.170.6
915;Josephine;Beer;jbeerpe@skype.com;Female;176.52.155.63
916;Emlyn;Skipsey;eskipseypf@latimes.com;Male;230.170.198.200
917;Jazmin;Coltan;jcoltanpg@tamu.edu;Female;57.160.249.32
918;Sena;Dungate;sdungateph@bigcartel.com;Female;140.107.146.32
919;Vasily;Boman;vbomanpi@reddit.com;Male;47.228.140.243
920;Stephen;Domengue;sdomenguepj@eventbrite.com;Male;23.92.171.103
921;Bobbe;Calveley;bcalveleypk@samsung.com;Female;113.11.182.101
922;Zared;Jindrich;zjindrichpl@biglobe.ne.jp;Male;84.188.221.73
923;Caitrin;Bedin;cbedinpm@bravesites.com;Female;235.95.218.86
924;Matelda;Loreit;mloreitpn@walmart.com;Female;216.149.125.22
925;Reese;Borel;rborelpo@dell.com;Male;94.234.3.71
926;Kori;Wethered;kwetheredpp@tamu.edu;Female;116.196.57.46
927;Sollie;Orrin;sorrinpq@slate.com;Male;217.30.127.51
928;Murvyn;Heifer;mheiferpr@thetimes.co.uk;Male;83.219.62.246
929;Kassia;Wingeatt;kwingeattps@sphinn.com;Female;225.169.157.109
930;Tricia;Doone;tdoonept@mozilla.com;Female;218.35.151.47
931;Lindon;Webermann;lwebermannpu@biblegateway.com;Male;206.55.35.21
932;Selig;Fetherstan;sfetherstanpv@msn.com;Male;134.224.98.94
933;Marcos;Srutton;msruttonpw@businesswire.com;Male;21.72.191.33
934;Clarence;Shorland;cshorlandpx@cnbc.com;Male;56.39.117.82
935;Mariellen;Westrey;mwestreypy@uiuc.edu;Female;246.187.121.174
936;Yard;Beushaw;ybeushawpz@cbsnews.com;Male;15.242.230.237
937;Quinta;Eddins;qeddinsq0@ehow.com;Female;69.140.230.16
938;Max;McGow;mmcgowq1@posterous.com;Male;102.12.134.243
939;Josiah;Sudell;jsudellq2@shutterfly.com;Male;0.124.118.13
940;Ed;Drewe;edreweq3@businessinsider.com;Male;74.157.97.131
941;Benedict;Shuttleworth;bshuttleworthq4@tripod.com;Male;202.155.35.239
942;Alexine;Stanlike;astanlikeq5@europa.eu;Female;234.21.175.208
943;Shir;Shaw;sshawq6@toplist.cz;Female;44.192.103.171
944;Josefa;Tibbles;jtibblesq7@twitpic.com;Female;86.209.127.2
945;Worthy;Joire;wjoireq8@amazon.com;Male;34.95.172.193
946;Kylila;Scardefield;kscardefieldq9@plala.or.jp;Female;27.217.207.194
947;Morly;Pittem;mpittemqa@a8.net;Male;34.74.151.191
948;Trudy;McGourty;tmcgourtyqb@github.com;Female;0.178.130.2
949;Amby;Taffley;ataffleyqc@psu.edu;Male;78.127.88.206
950;Gipsy;MacTeggart;gmacteggartqd@1688.com;Female;23.79.208.174
951;Karim;Jacqueminot;kjacqueminotqe@yellowbook.com;Male;156.217.201.93
952;Duffie;McGilleghole;dmcgillegholeqf@aol.com;Male;178.175.164.62
953;Alexandre;Worsall;aworsallqg@fda.gov;Male;129.146.23.58
954;Lyndel;Ambrozik;lambrozikqh@cafepress.com;Female;15.132.28.238
955;Parsifal;Muzzi;pmuzziqi@cnet.com;Male;14.28.160.255
956;Vernor;Esbrook;vesbrookqj@mail.ru;Male;120.105.243.199
957;Kaja;Sweeny;ksweenyqk@digg.com;Female;157.110.163.112
958;Lilla;Simonich;lsimonichql@deviantart.com;Female;101.124.8.225
959;Nerissa;Eburah;neburahqm@cloudflare.com;Female;65.232.59.32
960;Adelheid;Shropshire;ashropshireqn@who.int;Female;20.54.171.235
961;Clo;Breslauer;cbreslauerqo@drupal.org;Female;85.64.211.200
962;Selina;Lowless;slowlessqp@constantcontact.com;Female;33.65.223.110
963;Wyndham;Camsey;wcamseyqq@wordpress.org;Male;55.143.177.219
964;Milt;Leivers;mleiversqr@nhs.uk;Male;68.106.245.251
965;Alvan;McQuode;amcquodeqs@washingtonpost.com;Male;150.89.63.39
966;Alfredo;Laughton;alaughtonqt@ucla.edu;Male;81.196.103.241
967;Annamarie;Tiner;atinerqu@marketwatch.com;Female;225.123.5.149
968;Gayelord;Gammons;ggammonsqv@ihg.com;Male;39.80.30.254
969;Garnet;Kitteringham;gkitteringhamqw@istockphoto.com;Female;217.191.19.222
970;Davie;Becker;dbeckerqx@drupal.org;Male;181.220.170.225
971;Addi;Coolican;acoolicanqy@domainmarket.com;Female;8.139.81.138
972;Rosamund;Hugueville;rhuguevilleqz@miibeian.gov.cn;Female;83.95.79.102
973;Arnoldo;Champain;achampainr0@indiegogo.com;Male;236.158.147.182
974;Deena;Handrek;dhandrekr1@vinaora.com;Female;60.32.150.143
975;Reiko;Iacopini;riacopinir2@columbia.edu;Female;153.179.71.80
976;Alvis;Askham;aaskhamr3@wunderground.com;Male;170.120.197.120
977;Eveleen;Eake;eeaker4@whitehouse.gov;Female;85.171.112.188
978;Orran;Groundwator;ogroundwatorr5@statcounter.com;Male;151.241.42.49
979;Caldwell;Hauxley;chauxleyr6@usatoday.com;Male;232.5.174.46
980;Nita;Konrad;nkonradr7@yahoo.com;Female;14.143.59.10
981;Issie;Cosby;icosbyr8@miibeian.gov.cn;Female;20.166.134.218
982;Melisande;Dun;mdunr9@technorati.com;Female;196.93.45.204
983;Shaylyn;Salvador;ssalvadorra@answers.com;Female;84.68.111.145
984;Kassey;Burdoun;kburdounrb@unesco.org;Female;214.132.176.129
985;Ignacio;Healy;ihealyrc@facebook.com;Male;147.20.20.125
986;Dietrich;Ellerby;dellerbyrd@sakura.ne.jp;Male;247.155.12.7
987;Henry;Wisniowski;hwisniowskire@yandex.ru;Male;247.109.52.125
988;Iver;Toffel;itoffelrf@hubpages.com;Male;254.244.207.187
989;Erv;Cradick;ecradickrg@dropbox.com;Male;169.172.64.90
990;Sutton;Delbergue;sdelberguerh@un.org;Male;157.211.20.84
991;Veriee;Treadgall;vtreadgallri@reference.com;Female;28.193.112.76
992;Gabriello;Hrinchishin;ghrinchishinrj@51.la;Male;144.178.104.255
993;Welsh;Whatley;wwhatleyrk@gizmodo.com;Male;201.224.14.218
994;Emalia;Honacker;ehonackerrl@ibm.com;Female;59.39.176.168
995;Vin;Kinneir;vkinneirrm@nih.gov;Male;253.220.168.57
996;Peter;Andrichuk;pandrichukrn@abc.net.au;Male;214.28.244.186
997;Rebekah;Windrus;rwindrusro@techcrunch.com;Female;73.14.19.25
998;Arline;De Cruce;adecrucerp@webmd.com;Female;17.203.73.149
999;Kassi;Steutly;ksteutlyrq@buzzfeed.com;Female;57.124.36.37
1000;Selig;Vyel;svyelrr@earthlink.net;Male;43.220.247.40
